"categoria";"nome";"codigo_barras";"motivo";"preco"
"Acessórios para narguilé";"BONG DE ACRÍLICO";"";"falta o codigo de barras";"29.99"
"Acessórios para narguilé";"CARVAO 2KG";"7898919843084";"nenhuma base tem foto boa deste codigo";"14.99"
"Acessórios para narguilé";"CARVAO 4KG";"7897668400050";"nenhuma base tem foto boa deste codigo";"26.50"
"Acessórios para narguilé";"CARVÃO 7K";"";"falta o codigo de barras";"40.00"
"Acessórios para narguilé";"CARVÃO CHACAL 500G";"606529439316";"nenhuma base tem foto boa deste codigo";"34.00"
"Acessórios para narguilé";"CARVÃO COCO BLACK 250G";"751320160973";"nenhuma base tem foto boa deste codigo";"12.00"
"Acessórios para narguilé";"CARVÃO SOLTO CHACAL";"";"falta o codigo de barras";"1.50"
"Acessórios para narguilé";"MICRO BONG";"798190180151";"nenhuma base tem foto boa deste codigo";"35.00"
"Acessórios para narguilé";"PANELINHA DE CARVÃO";"";"falta o codigo de barras";"49.99"
"Acessórios para narguilé";"PAPEL ALUMÍNIO SEVEN";"8265340921749";"nenhuma base tem foto boa deste codigo";"17.50"
"Acessórios para narguilé";"PAPEL ALUMÍNIO SOLTO";"";"falta o codigo de barras";"0.50"
"Acessórios para narguilé";"ROSH";"";"falta o codigo de barras";"25.00"
"Águas";"AGUA 5L SERRA CATARINENSE";"7898960658095";"nenhuma base tem foto boa deste codigo";"10.00"
"Águas";"AGUA COM GAS 500ML SERRA CATARINENSE";"7898960658040";"nenhuma base tem foto boa deste codigo";"3.50"
"Águas";"ÁGUA CRISTAL COM GÁS 1,5ML UNIDADE";"7898944548046";"nenhuma base tem foto boa deste codigo";"5.50"
"Águas";"AGUA CRISTAL COM GÁS 500ML";"7898944548022";"nenhuma base tem foto boa deste codigo";"3.50"
"Águas";"AGUA CRISTAL SEM GAZ 1,5L";"7898944548039";"nenhuma base tem foto boa deste codigo";"5.00"
"Águas";"AGUA CRISTAL SEM GAZ 500ML";"7898944548015";"nenhuma base tem foto boa deste codigo";"3.00"
"Águas";"SERRA AZUL  900ML";"7897601403940";"nenhuma base tem foto boa deste codigo";"11.00"
"Cervejas";"DI SANTO CERVEJA PILSEM";"7896494210802";"nenhuma base tem foto boa deste codigo";"5.00"
"Cervejas";"PETRA UNIDADE";"7897395099329";"nenhuma base tem foto boa deste codigo";"4.50"
"Cervejas";"Presidente";"7896023080487";"nenhuma base tem foto boa deste codigo";"22.50"
"Cervejas";"RED HOUSE MAÇA VERDE LATÃO";"7898422674243";"nenhuma base tem foto boa deste codigo";"8.50"
"Cervejas";"SCHIN CAIXA";"";"falta o codigo de barras";"40.00"
"Destilados";"BARRIL DE OURO SABOR COCO";"7898422675516";"nenhuma base tem foto boa deste codigo";"6.00"
"Destilados";"BOB PINGA 975ML";"7897507404591";"nenhuma base tem foto boa deste codigo";"25.00"
"Destilados";"CATUABA DA SELVA 1L";"7897128910501";"nenhuma base tem foto boa deste codigo";"13.50"
"Destilados";"CATUABA DE  AÇAI, FLOR DA SELVA  500ML";"7898422678951";"nenhuma base tem foto boa deste codigo";"6.00"
"Destilados";"DOMECQ 1L";"7896080001401";"nenhuma base tem foto boa deste codigo";"53.00"
"Destilados";"DOSE DE 40ML BALLANTINES";"";"falta o codigo de barras";"15.00"
"Destilados";"DOSE DE 40ML BALLANTINES SUNSHINE";"";"falta o codigo de barras";"20.00"
"Destilados";"DOSE DE 40ML JACK DANIELS";"";"falta o codigo de barras";"19.00"
"Destilados";"DOSE DE 40ML JACK DANIELS APPLE";"";"falta o codigo de barras";"19.00"
"Destilados";"DOSE DE 40ML JACK DANIELS BLACKBERRY";"";"falta o codigo de barras";"19.00"
"Destilados";"DOSE DE 40ML RED LABEL";"";"falta o codigo de barras";"15.00"
"Destilados";"DOSE DE 40ML SMIRNOFF";"";"falta o codigo de barras";"10.00"
"Destilados";"DOSE DE 40ML WHISKY MANSÂO";"";"falta o codigo de barras";"11.00"
"Destilados";"DOSE DE BUSCA BRISA";"";"falta o codigo de barras";"8.00"
"Destilados";"JACK COM COCA";"7894900336535";"nenhuma base tem foto boa deste codigo";"13.00"
"Destilados";"JACK DANIELS BLACKBERRY 1L";"082184008751";"nenhuma base tem foto boa deste codigo";"195.00"
"Energéticos";"POP MONSTER";"7896624203599";"nenhuma base tem foto boa deste codigo";"3.99"
"Energéticos";"RED BULL SUGARFREE";"9002490280901";"nenhuma base tem foto boa deste codigo";"12.00"
"Energéticos";"RED HORSE BERRY 2L";"7898422673055";"nenhuma base tem foto boa deste codigo";"13.00"
"Energéticos";"RED HORSE COCO COM AÇAÍ LATÃO";"7898422676780";"nenhuma base tem foto boa deste codigo";"8.50"
"Energéticos";"RED HORSE MANGARITO";"7898422670887";"nenhuma base tem foto boa deste codigo";"8.50"
"Energéticos";"RED HORSE MELANCIA LATA 473ML UNIDADE";"7898422674250";"nenhuma base tem foto boa deste codigo";"8.50"
"Energéticos";"RED HORSE TRADICIONAL LATA 473ML UNIDADE";"7898422679118";"nenhuma base tem foto boa deste codigo";"8.50"
"Energéticos";"RED HORSE TROPICAL LATA 473ML UNIDADE";"7898422671112";"nenhuma base tem foto boa deste codigo";"8.50"
"Energéticos";"RED HORSE ZERO LATÃO";"7898628530862";"nenhuma base tem foto boa deste codigo";"8.50"
"Essências para narguilé";"ESSÊNCIA  SMYRNA VOVÓ DISSE BLUEBERRY MUIFFIN";"8682084505699";"nenhuma base tem foto boa deste codigo";"18.00"
"Essências para narguilé";"ESSÊNCIA  VOLKER UMMY BERS";"78416666";"nenhuma base tem foto boa deste codigo";"18.00"
"Essências para narguilé";"ESSENCIA ADALYA CHARLY";"8681655726907";"nenhuma base tem foto boa deste codigo";"18.00"
"Essências para narguilé";"ESSÊNCIA ADALYA ICE BOM BOM";"8681511386641";"nenhuma base tem foto boa deste codigo";"18.00"
"Essências para narguilé";"ESSENCIA ADALYA LOVE 66";"8681511386771";"nenhuma base tem foto boa deste codigo";"20.00"
"Essências para narguilé";"ESSÊNCIA ADALYA MANGO TANGO";"8681511386795";"nenhuma base tem foto boa deste codigo";"18.00"
"Essências para narguilé";"ESSÊNCIA ADALYA MASKARA";"8681655728383";"nenhuma base tem foto boa deste codigo";"18.00"
"Essências para narguilé";"ESSENCIA ADALYA MIAGUE";"8681655726983";"nenhuma base tem foto boa deste codigo";"14.00"
"Essências para narguilé";"ESSÊNCIA ADALYA PICAPAU";"8681655728406";"nenhuma base tem foto boa deste codigo";"14.00"
"Essências para narguilé";"ESSÊNCIA ADALYA POPEYE";"8681655728420";"nenhuma base tem foto boa deste codigo";"18.00"
"Essências para narguilé";"ESSÊNCIA ADALYA PUMP";"8681655728369";"nenhuma base tem foto boa deste codigo";"18.00"
"Essências para narguilé";"ESSÊNCIA BLUE HORSE BAKU NIGHTS";"8681655700020";"nenhuma base tem foto boa deste codigo";"14.00"
"Essências para narguilé";"ESSÊNCIA EL COLOMBIA ADALYA";"8681655726921";"nenhuma base tem foto boa deste codigo";"18.00"
"Essências para narguilé";"ESSÊNCIA FALA AÊ KOKE";"619205944073";"nenhuma base tem foto boa deste codigo";"12.00"
"Essências para narguilé";"ESSÊNCIA FALA AÊ STARCOFFEE";"619205944042";"nenhuma base tem foto boa deste codigo";"12.00"
"Essências para narguilé";"ESSÊNCIA HIGH TUTTI";"631430044359";"nenhuma base tem foto boa deste codigo";"13.00"
"Essências para narguilé";"ESSÊNCIA MAGIC SPACE MIX";"7908479400082";"nenhuma base tem foto boa deste codigo";"13.00"
"Essências para narguilé";"ESSÊNCIA NAY CINNAMON BLEND";"619205174241";"nenhuma base tem foto boa deste codigo";"14.00"
"Essências para narguilé";"ESSÊNCIA NAY MARACUJA BLEND 50G";"7841881034141";"nenhuma base tem foto boa deste codigo";"14.00"
"Essências para narguilé";"ESSENCIA ONIXX APPLE";"7898768160004";"nenhuma base tem foto boa deste codigo";"13.00"
"Essências para narguilé";"ESSÊNCIA ONIXX APPLE";"7898967524041";"nenhuma base tem foto boa deste codigo";"13.00"
"Essências para narguilé";"ESSENCIA ONIXX BANANA";"7898768160134";"nenhuma base tem foto boa deste codigo";"13.00"
"Essências para narguilé";"ESSÊNCIA ONIXX BANANA E AÇAI";"7898768160073";"nenhuma base tem foto boa deste codigo";"13.00"
"Essências para narguilé";"ESSENCIA ONIXX BLUE UVA";"7898768160141";"nenhuma base tem foto boa deste codigo";"13.00"
"Essências para narguilé";"ESSÊNCIA ONIXX CHERRY ORANGE";"7898768160370";"nenhuma base tem foto boa deste codigo";"13.00"
"Essências para narguilé";"ESSENCIA ONIXX DROPS";"7898761280037";"nenhuma base tem foto boa deste codigo";"13.00"
"Essências para narguilé";"ESSENCIA ONIXX GOIABA E MARACUJA";"7898768160394";"nenhuma base tem foto boa deste codigo";"13.00"
"Essências para narguilé";"ESSÊNCIA ONIXX ICE CORN";"7898761280174";"nenhuma base tem foto boa deste codigo";"13.00"
"Essências para narguilé";"ESSENCIA ONIXX KIWI DROPS";"7898768160363";"nenhuma base tem foto boa deste codigo";"13.00"
"Essências para narguilé";"ESSÊNCIA ONIXX MELAO";"7898768160059";"nenhuma base tem foto boa deste codigo";"13.00"
"Essências para narguilé";"ESSÊNCIA ONIXX ORANGE";"619205944035";"nenhuma base tem foto boa deste codigo";"13.00"
"Essências para narguilé";"ESSÊNCIA ONIXX PEAR";"7898967524027";"nenhuma base tem foto boa deste codigo";"13.00"
"Essências para narguilé";"ESSENCIA ONIXX RED DROPS";"619205200803";"nenhuma base tem foto boa deste codigo";"13.00"
"Essências para narguilé";"ESSENCIA ONIXX STRAWBERRY ICE";"7898768160424";"nenhuma base tem foto boa deste codigo";"13.00"
"Essências para narguilé";"ESSÊNCIA POWER PINK ADALYA";"8681655728345";"nenhuma base tem foto boa deste codigo";"18.00"
"Essências para narguilé";"ESSÊNCIA SMYRNA CHICLETE TUTI FRUTI";"8682084505675";"nenhuma base tem foto boa deste codigo";"18.00"
"Essências para narguilé";"ESSÊNCIA SMYRNA HEFESTOS";"8682084505750";"nenhuma base tem foto boa deste codigo";"18.00"
"Essências para narguilé";"ESSÊNCIA SMYRNA HERA";"8682084505811";"nenhuma base tem foto boa deste codigo";"18.00"
"Essências para narguilé";"ESSÊNCIA SMYRNA ODIN";"8682084505651";"nenhuma base tem foto boa deste codigo";"18.00"
"Essências para narguilé";"ESSÊNCIA SMYRNA PAÇOCA";"8682084505774";"nenhuma base tem foto boa deste codigo";"18.00"
"Essências para narguilé";"ESSÊNCIA VOLKER ARMY CAPTAIN";"78419957";"nenhuma base tem foto boa deste codigo";"18.00"
"Essências para narguilé";"ESSENCIA ZGY ABACAXI TROPICAL";"7908479402079";"nenhuma base tem foto boa deste codigo";"14.00"
"Essências para narguilé";"ESSENCIA ZGY BANANA TROPICAL";"7908479404455";"nenhuma base tem foto boa deste codigo";"14.00"
"Essências para narguilé";"ESSENCIA ZGY BERRY";"7908479404462";"nenhuma base tem foto boa deste codigo";"14.00"
"Essências para narguilé";"ESSENCIA ZGY BURLEY MINT";"7898962227213";"nenhuma base tem foto boa deste codigo";"14.00"
"Essências para narguilé";"ESSENCIA ZGY CHERRY";"";"falta o codigo de barras";"14.00"
"Essências para narguilé";"ESSENCIA ZGY CHERRY 50G";"7908479404486";"nenhuma base tem foto boa deste codigo";"14.00"
"Essências para narguilé";"ESSENCIA ZGY CORU MAGIC 50G";"7908479405100";"nenhuma base tem foto boa deste codigo";"14.00"
"Essências para narguilé";"ESSENCIA ZGY DUAS GOIABAS";"7908479404493";"nenhuma base tem foto boa deste codigo";"14.00"
"Essências para narguilé";"ESSENCIA ZGY DUAS MAÇA VERDES";"7908479404608";"nenhuma base tem foto boa deste codigo";"14.00"
"Essências para narguilé";"ESSENCIA ZGY FRESH LEMON 50G";"7898927097691";"nenhuma base tem foto boa deste codigo";"14.00"
"Essências para narguilé";"ESSENCIA ZGY FRUTAS AMARELAS";"7908479402321";"nenhuma base tem foto boa deste codigo";"14.00"
"Essências para narguilé";"ESSENCIA ZGY FRUTAS ROXAS";"7908479404530";"nenhuma base tem foto boa deste codigo";"14.00"
"Essências para narguilé";"ESSENCIA ZGY FRUTAS VERDES";"7908479404547";"nenhuma base tem foto boa deste codigo";"14.00"
"Essências para narguilé";"ESSENCIA ZGY FRUTTI";"7908479404561";"nenhuma base tem foto boa deste codigo";"14.00"
"Essências para narguilé";"ESSENCIA ZGY GRAPE";"7908479404578";"nenhuma base tem foto boa deste codigo";"14.00"
"Gelo";"GELO DE BUSCA BRISA";"040141688200";"nenhuma base tem foto boa deste codigo";"5.00"
"Gelo";"GELO DE COCO TRADICIONAL";"7898967009517";"nenhuma base tem foto boa deste codigo";"4.00"
"Gelo";"GELO DE MARACUJA";"70341449080";"nenhuma base tem foto boa deste codigo";"4.00"
"Gelo";"GELO DE MARACUJA DRINK";"7898967009531";"nenhuma base tem foto boa deste codigo";"4.00"
"Gelo";"GELO DE MELANCIA";"70341449073";"nenhuma base tem foto boa deste codigo";"4.00"
"Gelo";"GELO DE MELANCIA DRINK";"7898967009548";"nenhuma base tem foto boa deste codigo";"4.00"
"Gelo";"GELO DE MORANGO DRINK";"7898967009555";"nenhuma base tem foto boa deste codigo";"4.00"
"Gelo";"GELO JOB";"";"falta o codigo de barras";"5.00"
"Gelo";"GELO MAÇÃ VERDE DRINK";"7898967009524";"nenhuma base tem foto boa deste codigo";"4.00"
"Gelo";"GELO MORANGO DO AMOR";"7891481992600";"nenhuma base tem foto boa deste codigo";"5.00"
"Gelo";"GELO TADALA";"040141688231";"nenhuma base tem foto boa deste codigo";"5.00"
"Gelo";"GELO TIGRINHO";"";"falta o codigo de barras";"5.00"
"Gelo";"PACOTE DE GELO";"";"falta o codigo de barras";"10.00"
"Ices e drinks";"BLACK ICE";"78947825";"nenhuma base tem foto boa deste codigo";"22.75"
"Ices e drinks";"KISLLA ICE KIWI";"7898422678470";"nenhuma base tem foto boa deste codigo";"7.50"
"Refrigerantes";"ÁGUA DA SERRA FRAMBOESA 2L UNIDADE";"7896272202845";"nenhuma base tem foto boa deste codigo";"9.50"
"Refrigerantes";"ÁGUA DA SERRA GUARANÁ 2L UNIDADE";"7896272200254";"nenhuma base tem foto boa deste codigo";"9.50"
"Refrigerantes";"ÁGUA DA SERRA LARANJINHA2L UNIDADE";"7896272202869";"nenhuma base tem foto boa deste codigo";"9.50"
"Refrigerantes";"MAX FRAMBOESA 2L UNIDADE";"7896086148667";"nenhuma base tem foto boa deste codigo";"8.50"
"Refrigerantes";"MAX GUARANÁ 2L  UNIDADE";"7896086113030";"nenhuma base tem foto boa deste codigo";"8.50"
"Refrigerantes";"MAX LARANJA 2L UNIDADE";"7896086117076";"nenhuma base tem foto boa deste codigo";"8.50"
"Refrigerantes";"MAX LARANJINHA 2L UNIDADE";"7896086177377";"nenhuma base tem foto boa deste codigo";"8.50"
"Refrigerantes";"RED HOUSE MAÇA VERDE";"7898422779016";"nenhuma base tem foto boa deste codigo";"8.50"
"Refrigerantes";"RED HOUSE MANGARITO 2L";"7898422676568";"nenhuma base tem foto boa deste codigo";"13.00"
"Refrigerantes";"SÃO BERNARDO CANELA 450ML";"7898307573074";"nenhuma base tem foto boa deste codigo";"6.00"
"Sucos e refrescos";"MUMU UVA";"7891330019601";"nenhuma base tem foto boa deste codigo";"2.50"
"Sucos e refrescos";"SÚ FRESH MORANGO 1L";"7898192039914";"nenhuma base tem foto boa deste codigo";"9.50"
"Sucos e refrescos";"SUQ LARANJA 270ML UNIDADE";"7898956109259";"nenhuma base tem foto boa deste codigo";"7.50"
"Sucos e refrescos";"SUQ LARANJA 900ML UNIDADE";"7898956109211";"nenhuma base tem foto boa deste codigo";"17.50"
"Sucos e refrescos";"TANG ABACAXI 18G UNIDADE";"7622210571755";"nenhuma base tem foto boa deste codigo";"2.50"
"Sucos e refrescos";"TANG GOIABA 18G UNIDADE";"7622210571496";"nenhuma base tem foto boa deste codigo";"2.50"
"Sucos e refrescos";"TANG LARANJA";"7622210571601";"nenhuma base tem foto boa deste codigo";"2.50"
"Sucos e refrescos";"TANG MARACUJÁ 18G UNIDADE";"7622210571694";"nenhuma base tem foto boa deste codigo";"2.50"
"Sucos e refrescos";"TANG UVA 18G UNIDADE";"7622210571786";"nenhuma base tem foto boa deste codigo";"2.50"
"Tabacaria";"ALEDA FILTERS SLIM CLASSIC";"7898915411409";"nenhuma base tem foto boa deste codigo";"11.50"
"Tabacaria";"BLUNT BAUNILHA KING";"7898634871591";"nenhuma base tem foto boa deste codigo";"10.00"
"Tabacaria";"BLUNT CHOCOLATE KING";"7898634871577";"nenhuma base tem foto boa deste codigo";"10.00"
"Tabacaria";"BLUNT DE MEL KING";"7898634871638";"nenhuma base tem foto boa deste codigo";"10.00"
"Tabacaria";"BLUNT MAÇÃ VERDE KING";"7898634871683";"nenhuma base tem foto boa deste codigo";"10.00"
"Tabacaria";"BLUNT MELANCIA KING";"7898634871706";"nenhuma base tem foto boa deste codigo";"10.00"
"Tabacaria";"BLUNT MORANGO KING";"7898634871553";"nenhuma base tem foto boa deste codigo";"10.00"
"Tabacaria";"BLUNT UVA KING";"7898634871614";"nenhuma base tem foto boa deste codigo";"10.00"
"Tabacaria";"CHILLIN CLASSIC FILTERS";"7898659810124";"nenhuma base tem foto boa deste codigo";"11.50"
"Tabacaria";"CHILLIN ECO FILTERS";"7898659810117";"nenhuma base tem foto boa deste codigo";"11.50"
"Tabacaria";"CINZEIRO DE FERRO";"7798121251953";"nenhuma base tem foto boa deste codigo";"25.00"
"Tabacaria";"CINZEIRO DE PLÁSTICO PARA CARRO";"";"falta o codigo de barras";"45.00"
"Tabacaria";"CINZEIRO DE VIDRO";"7899441511984";"nenhuma base tem foto boa deste codigo";"35.00"
"Tabacaria";"COPO CINZEIRO";"";"falta o codigo de barras";"45.00"
"Tabacaria";"D&K BOLADOR";"7899441511908";"nenhuma base tem foto boa deste codigo";"35.00"
"Tabacaria";"DICHAVADOR DE COCO";"";"falta o codigo de barras";"10.00"
"Tabacaria";"DICHAVADOR TRANSPARENTE";"";"falta o codigo de barras";"18.00"
"Tabacaria";"FUMO OLIVEIRA";"7897669101017";"nenhuma base tem foto boa deste codigo";"6.50"
"Tabacaria";"GUDAN";"78946552";"nenhuma base tem foto boa deste codigo";"45.00"
"Tabacaria";"GUDAN SOLTO";"";"falta o codigo de barras";"2.50"
"Tabacaria";"ISQUEIRO BIC GRANDE UNIDADE";"070330909229";"nenhuma base tem foto boa deste codigo";"7.50"
"Tabacaria";"ISQUEIRO BIC PEQUENO";"070330913431";"nenhuma base tem foto boa deste codigo";"6.50"
"Tabacaria";"ISQUEIRO HIPER";"6973428229275";"nenhuma base tem foto boa deste codigo";"4.50"
"Tabacaria";"ISQUEIRO TRANSPARENTE UNIDADE";"";"falta o codigo de barras";"5.00"
"Tabacaria";"OCB SLIM COM PITEIRA";"3057067336327";"nenhuma base tem foto boa deste codigo";"10.00"
"Tabacaria";"OCB SLIM FIT";"30074866";"nenhuma base tem foto boa deste codigo";"8.00"
"Tabacaria";"OCB SLIM ORGANIC";"30118966";"nenhuma base tem foto boa deste codigo";"8.00"
"Tabacaria";"OCB SLIM PREMIUN";"30058569";"nenhuma base tem foto boa deste codigo";"8.00"
"Tabacaria";"OCB SLIM VIRGIN";"30104891";"nenhuma base tem foto boa deste codigo";"8.00"
"Tabacaria";"OCB SLIN ULTIMATE";"30119567";"nenhuma base tem foto boa deste codigo";"8.00"
"Tabacaria";"PAIERO TIMBAL";"7898927097677";"nenhuma base tem foto boa deste codigo";"20.00"
"Vinhos e espumantes";"RANDON BRANCO SECO";"7896741687241";"nenhuma base tem foto boa deste codigo";"19.50"
"Vinhos e espumantes";"VINHO 7 COLINA 1L";"7896514702898";"nenhuma base tem foto boa deste codigo";"14.50"